{"cameraMode":{"drawMode":0,"name":"Shaded","section":"Shading Mode"},"sceneLighting":true,"audioPlay":false,"sceneViewState":{"m_AlwaysRefresh":false,"showFog":true,"showSkybox":true,"showFlares":true,"showImageEffects":true,"showParticleSystems":true,"showVisualEffectGraphs":true,"m_FxEnabled":true},"in2DMode":false,"pivot":{"x":852.057861328125,"y":501.69482421875,"z":333.7101745605469},"rotation":{"x":-0.010208843275904656,"y":-0.009903255850076676,"z":0.00010850979015231133,"w":-0.9999163150787354},"size":693.9722900390625,"orthographic":false}